bridge_id,bridge_age,traffic_adt,superstructure_cond,substructure_cond,past_repairs,material,needs_maintenance,maintenance_probability,risk_level
BR_0269,68,19629,5,4,1,Concrete,1,1.0,Critical
BR_0070,76,13907,3,4,2,Timber,1,1.0,Critical
BR_0030,66,13903,3,5,0,Concrete,1,1.0,Critical
BR_0199,71,17837,3,5,3,Concrete,1,1.0,Critical
BR_0007,79,12749,3,7,3,Concrete,1,0.99,Critical
BR_0003,76,3509,3,5,4,Steel,1,0.99,Critical
BR_0142,79,8087,3,7,3,Steel,1,0.99,Critical
BR_0146,66,19388,3,4,2,Concrete,1,0.99,Critical
BR_0152,66,18455,4,5,3,Steel,1,0.99,Critical
BR_0103,66,10323,3,6,0,Timber,1,0.99,Critical
BR_0188,74,19040,5,6,1,Concrete,1,0.99,Critical
BR_0081,69,15625,4,6,0,Timber,1,0.99,Critical
BR_0270,73,7983,3,3,3,Steel,1,0.99,Critical
BR_0082,75,8630,3,6,0,Concrete,1,0.98,Critical
BR_0031,55,13621,3,7,2,Steel,1,0.98,Critical
BR_0016,68,17421,4,7,4,Timber,1,0.98,Critical
BR_0191,77,9848,4,6,4,Concrete,1,0.98,Critical
BR_0182,79,8835,3,7,3,Timber,1,0.97,Critical
BR_0128,75,12661,4,8,4,Concrete,1,0.97,Critical
BR_0236,42,2031,3,3,4,Timber,1,0.96,Critical
BR_0097,76,6381,5,4,3,Steel,1,0.96,Critical
BR_0241,39,17017,3,3,1,Timber,1,0.96,Critical
BR_0131,70,15805,4,8,1,Concrete,1,0.96,Critical
BR_0167,60,14691,4,5,4,Concrete,1,0.96,Critical
BR_0276,68,7812,6,5,3,Timber,1,0.95,Critical
BR_0066,66,9704,5,4,3,Concrete,1,0.95,Critical
BR_0295,62,15012,4,5,0,Steel,1,0.95,Critical
BR_0160,66,11018,5,5,3,Steel,1,0.95,Critical
BR_0001,56,11593,3,6,0,Steel,1,0.95,Critical
BR_0233,79,15183,6,4,3,Timber,1,0.94,Critical
BR_0187,73,1562,4,3,4,Timber,1,0.94,Critical
BR_0288,67,509,5,6,1,Concrete,1,0.94,Critical
BR_0210,54,14307,3,8,0,Concrete,1,0.94,Critical
BR_0171,58,7686,3,6,3,Timber,1,0.94,Critical
BR_0299,36,14272,3,5,4,Concrete,1,0.94,Critical
BR_0203,56,11993,4,3,4,Concrete,1,0.93,Critical
BR_0019,37,11147,3,5,0,Timber,1,0.93,Critical
BR_0175,57,7900,3,3,4,Steel,1,0.93,Critical
BR_0245,72,2352,5,3,4,Concrete,1,0.92,Critical
BR_0143,66,1228,4,3,3,Steel,1,0.92,Critical
BR_0022,53,12823,3,8,4,Timber,1,0.92,Critical
BR_0253,71,6145,5,6,0,Steel,1,0.92,Critical
BR_0202,75,12016,6,7,4,Concrete,1,0.91,Critical
BR_0060,58,14762,4,7,2,Concrete,1,0.91,Critical
BR_0180,72,19666,6,6,1,Timber,1,0.91,Critical
BR_0178,74,3002,4,8,3,Concrete,1,0.9,Critical
BR_0283,41,6213,3,3,4,Timber,1,0.9,Critical
BR_0035,55,18032,4,3,0,Steel,1,0.9,Critical
BR_0185,42,8151,3,6,0,Steel,1,0.89,Critical
BR_0086,67,7753,6,5,2,Concrete,1,0.89,Critical
BR_0134,66,917,3,4,1,Steel,1,0.88,Critical
BR_0257,63,3830,3,8,4,Timber,1,0.87,Critical
BR_0284,28,17139,3,4,4,Steel,1,0.87,Critical
BR_0157,63,12543,4,8,0,Timber,1,0.87,Critical
BR_0129,63,2582,3,5,0,Timber,1,0.87,Critical
BR_0161,62,15052,5,4,1,Steel,1,0.87,Critical
BR_0025,64,12539,5,7,3,Concrete,1,0.86,Critical
BR_0300,51,18517,4,3,2,Timber,1,0.86,Critical
BR_0028,66,4995,6,4,4,Steel,1,0.85,Critical
BR_0259,34,9162,3,4,2,Steel,1,0.85,Critical
BR_0277,53,5820,4,6,4,Steel,1,0.85,Critical
BR_0096,77,4952,5,8,1,Steel,1,0.85,Critical
BR_0024,46,2868,3,3,1,Concrete,1,0.85,Critical
BR_0149,76,19670,6,7,1,Concrete,1,0.84,Critical
BR_0275,39,15337,4,4,4,Timber,1,0.84,Critical
BR_0174,6,17279,4,3,4,Timber,1,0.83,Critical
BR_0011,57,13033,5,8,4,Steel,1,0.83,Critical
BR_0155,48,2643,4,4,4,Concrete,1,0.83,Critical
BR_0038,77,15838,8,4,4,Concrete,1,0.81,Critical
BR_0124,33,17950,3,5,0,Steel,1,0.81,Critical
BR_0244,37,13472,4,5,2,Steel,1,0.81,Critical
BR_0148,74,15027,7,3,2,Steel,1,0.81,Critical
BR_0051,51,7299,3,6,2,Steel,1,0.81,Critical
BR_0255,37,12329,3,8,2,Concrete,1,0.8,Critical
BR_0034,7,17458,4,3,4,Steel,0,0.79,High
BR_0286,57,18722,5,6,1,Steel,1,0.79,High
BR_0239,70,5529,5,7,2,Concrete,1,0.79,High
BR_0211,27,10080,3,5,3,Concrete,1,0.76,High
BR_0017,64,6486,4,7,1,Concrete,1,0.75,High
BR_0042,64,3551,6,5,3,Timber,1,0.74,High
BR_0122,19,13979,3,3,1,Timber,1,0.74,High
BR_0076,64,13684,5,7,0,Steel,1,0.73,High
BR_0118,67,3238,7,4,2,Timber,1,0.73,High
BR_0063,48,19722,4,8,0,Concrete,1,0.71,High
BR_0181,59,5986,3,4,0,Concrete,1,0.7,High
BR_0073,57,17443,6,8,4,Timber,1,0.69,High
BR_0036,11,10407,4,3,4,Steel,1,0.69,High
BR_0049,48,7579,5,7,4,Timber,1,0.68,High
BR_0006,79,1909,6,6,2,Timber,1,0.67,High
BR_0091,37,19025,4,5,1,Steel,1,0.65,High
BR_0057,10,17714,5,3,3,Concrete,1,0.61,High
BR_0077,45,3843,3,6,1,Concrete,1,0.57,Medium
BR_0145,31,6488,3,3,1,Timber,1,0.51,Medium
BR_0279,48,3279,4,7,4,Concrete,0,0.48,Medium
BR_0290,37,5624,3,8,4,Steel,1,0.43,Medium
BR_0230,58,19956,6,6,0,Concrete,1,0.41,Medium
BR_0033,68,1353,6,3,3,Timber,0,0.38,Low
BR_0216,64,1824,8,3,4,Steel,0,0.35,Low
BR_0135,61,9308,4,8,3,Steel,0,0.34,Low
BR_0204,37,2042,4,7,4,Timber,0,0.34,Low
BR_0223,36,12214,3,7,1,Concrete,0,0.33,Low
BR_0176,48,4671,3,7,3,Steel,1,0.33,Low
BR_0272,52,5464,4,6,4,Timber,0,0.32,Low
BR_0193,74,9424,8,3,0,Steel,1,0.31,Low
BR_0108,51,19723,4,3,0,Steel,0,0.31,Low
BR_0098,16,14569,3,8,2,Timber,0,0.28,Low
BR_0242,65,2605,4,7,0,Timber,0,0.28,Low
BR_0061,67,8808,8,5,1,Steel,0,0.27,Low
BR_0183,60,4991,7,3,4,Steel,1,0.27,Low
BR_0064,38,1650,4,6,1,Timber,0,0.26,Low
BR_0047,64,15702,8,4,0,Concrete,0,0.25,Low
BR_0117,55,5552,4,7,3,Timber,0,0.25,Low
BR_0291,71,1515,7,6,4,Concrete,0,0.24,Low
BR_0032,59,11466,4,8,1,Concrete,0,0.24,Low
BR_0107,69,5111,7,4,0,Concrete,0,0.24,Low
BR_0137,32,17709,3,8,1,Timber,0,0.21,Low
BR_0043,18,16479,3,8,1,Concrete,0,0.21,Low
BR_0294,58,14050,6,8,3,Timber,0,0.2,Low
BR_0110,5,16847,4,6,2,Timber,0,0.2,Low
BR_0260,42,7614,4,3,0,Steel,0,0.19,Low
BR_0050,12,8487,3,3,3,Concrete,0,0.19,Low
BR_0133,49,11761,5,7,4,Steel,0,0.19,Low
BR_0296,71,4658,8,8,2,Concrete,0,0.19,Low
BR_0104,41,9707,5,4,4,Timber,0,0.19,Low
BR_0250,24,16261,4,8,4,Timber,1,0.18,Low
BR_0194,7,4830,4,3,4,Concrete,0,0.18,Low
BR_0229,28,10650,4,4,4,Concrete,0,0.17,Low
BR_0163,16,14084,5,3,1,Timber,0,0.16,Low
BR_0075,30,16744,4,6,1,Timber,0,0.16,Low
BR_0234,76,1004,8,7,1,Timber,0,0.16,Low
BR_0159,56,6144,5,4,1,Concrete,0,0.16,Low
BR_0045,57,1376,6,5,3,Concrete,0,0.16,Low
BR_0105,48,10040,5,7,0,Timber,1,0.15,Low
BR_0281,50,2081,3,8,0,Timber,0,0.14,Low
BR_0166,7,9287,4,6,4,Steel,0,0.14,Low
BR_0285,50,5304,3,7,2,Concrete,0,0.14,Low
BR_0062,22,6449,4,3,4,Concrete,0,0.14,Low
BR_0041,8,15099,4,5,4,Concrete,0,0.14,Low
BR_0072,44,5737,3,8,2,Steel,0,0.14,Low
BR_0018,25,18725,5,5,3,Concrete,0,0.13,Low
BR_0219,52,7088,5,8,1,Timber,0,0.13,Low
BR_0141,66,8043,7,5,2,Timber,0,0.13,Low
BR_0058,58,14598,8,3,0,Steel,0,0.12,Low
BR_0189,15,11674,3,8,3,Concrete,0,0.12,Low
BR_0065,78,2431,8,8,3,Concrete,0,0.12,Low
BR_0048,75,7466,8,6,2,Timber,0,0.11,Low
BR_0094,32,10957,5,6,3,Timber,0,0.11,Low
BR_0197,40,7231,5,5,0,Steel,0,0.11,Low
BR_0055,8,18577,4,7,2,Timber,0,0.09,Low
BR_0287,64,10636,8,5,2,Timber,1,0.09,Low
BR_0153,41,5573,6,6,4,Concrete,0,0.09,Low
BR_0084,5,4006,3,4,0,Concrete,0,0.09,Low
BR_0198,23,15868,4,5,3,Steel,0,0.09,Low
BR_0221,73,5801,8,6,1,Concrete,0,0.09,Low
BR_0088,12,9935,4,6,0,Steel,0,0.09,Low
BR_0068,52,1581,4,7,2,Timber,0,0.08,Low
BR_0240,58,13928,8,8,1,Concrete,0,0.08,Low
BR_0027,66,8673,7,3,1,Steel,0,0.08,Low
BR_0071,66,8305,8,3,0,Timber,0,0.08,Low
BR_0209,61,18424,7,3,1,Concrete,0,0.07,Low
BR_0195,24,7301,3,7,0,Steel,0,0.07,Low
BR_0192,63,5834,6,7,0,Concrete,0,0.07,Low
BR_0232,28,10688,5,6,2,Timber,0,0.07,Low
BR_0256,52,8553,6,7,3,Timber,0,0.07,Low
BR_0280,34,17808,6,7,4,Timber,0,0.07,Low
BR_0206,43,18075,5,8,3,Concrete,0,0.07,Low
BR_0196,63,5346,6,8,0,Steel,0,0.06,Low
BR_0080,49,17464,6,7,0,Timber,0,0.06,Low
BR_0170,6,1198,5,3,2,Concrete,0,0.06,Low
BR_0271,65,1039,8,7,2,Steel,0,0.06,Low
BR_0054,54,13917,8,6,4,Concrete,0,0.06,Low
BR_0158,36,3940,8,4,4,Concrete,0,0.06,Low
BR_0212,35,18249,7,4,3,Timber,0,0.06,Low
BR_0261,55,13823,8,7,1,Timber,0,0.05,Low
BR_0004,65,17038,7,3,0,Concrete,0,0.05,Low
BR_0298,28,7438,5,4,0,Concrete,0,0.05,Low
BR_0267,34,14159,7,6,2,Concrete,0,0.05,Low
BR_0136,10,3767,3,6,2,Timber,0,0.05,Low
BR_0106,39,16864,5,8,1,Steel,0,0.05,Low
BR_0222,41,15985,8,3,0,Steel,0,0.05,Low
BR_0099,38,3349,5,8,4,Concrete,0,0.05,Low
BR_0013,34,7706,7,8,4,Steel,0,0.04,Low
BR_0179,36,17601,8,4,0,Steel,0,0.04,Low
BR_0262,58,1853,8,5,3,Steel,0,0.04,Low
BR_0273,23,5335,4,5,1,Timber,0,0.04,Low
BR_0101,52,12422,6,8,2,Concrete,0,0.04,Low
BR_0243,45,4127,5,5,2,Timber,0,0.04,Low
BR_0235,40,1714,8,3,0,Timber,0,0.04,Low
BR_0069,19,17396,6,5,3,Steel,0,0.04,Low
BR_0067,18,18548,5,4,2,Concrete,0,0.04,Low
BR_0053,40,17519,7,5,4,Concrete,0,0.04,Low
BR_0289,36,19755,8,4,2,Steel,0,0.03,Low
BR_0112,18,18571,5,6,0,Timber,0,0.03,Low
BR_0116,46,4500,6,7,0,Steel,0,0.03,Low
BR_0297,50,7470,7,3,2,Steel,0,0.03,Low
BR_0266,25,9837,6,7,4,Concrete,0,0.03,Low
BR_0140,34,912,5,8,0,Timber,0,0.03,Low
BR_0109,7,6378,7,3,3,Steel,0,0.03,Low
BR_0168,63,1228,8,5,1,Concrete,0,0.03,Low
BR_0292,22,2693,8,3,0,Concrete,0,0.02,Low
BR_0111,9,1351,5,5,4,Steel,0,0.02,Low
BR_0144,5,12157,6,7,4,Concrete,0,0.02,Low
BR_0126,17,6226,4,8,4,Steel,0,0.02,Low
BR_0186,28,1667,6,3,2,Concrete,0,0.02,Low
BR_0078,33,14000,7,7,1,Timber,0,0.02,Low
BR_0089,39,11810,8,6,2,Steel,0,0.02,Low
BR_0120,8,8502,7,6,0,Concrete,0,0.02,Low
BR_0246,37,5410,7,6,4,Concrete,0,0.02,Low
BR_0083,13,2179,4,7,0,Timber,0,0.02,Low
BR_0115,19,2927,4,6,1,Steel,0,0.02,Low
BR_0208,15,19565,8,4,4,Concrete,0,0.02,Low
BR_0205,44,14464,5,7,2,Concrete,0,0.02,Low
BR_0151,13,18006,8,3,0,Timber,0,0.02,Low
BR_0169,6,18249,5,8,2,Concrete,0,0.02,Low
BR_0162,56,3414,8,5,2,Concrete,0,0.02,Low
BR_0177,36,4860,8,5,0,Steel,0,0.02,Low
BR_0282,10,13177,7,8,1,Steel,0,0.02,Low
BR_0039,43,2991,5,8,0,Steel,0,0.02,Low
BR_0002,19,18570,5,5,1,Steel,0,0.02,Low
BR_0056,6,8811,5,8,2,Steel,0,0.02,Low
BR_0114,13,12438,7,6,0,Timber,0,0.01,Low
BR_0139,48,11838,8,3,1,Concrete,0,0.01,Low
BR_0127,36,3873,8,3,1,Steel,0,0.01,Low
BR_0130,32,16781,8,3,2,Timber,0,0.01,Low
BR_0125,40,11136,6,7,1,Timber,0,0.01,Low
BR_0123,47,4413,7,8,1,Concrete,0,0.01,Low
BR_0147,7,3467,5,6,4,Timber,0,0.01,Low
BR_0165,6,14897,7,5,2,Steel,0,0.01,Low
BR_0014,42,6301,7,5,2,Timber,0,0.01,Low
BR_0020,62,9216,7,8,1,Steel,0,0.01,Low
BR_0100,37,7890,8,4,3,Timber,0,0.01,Low
BR_0237,29,1323,8,5,2,Concrete,0,0.01,Low
BR_0238,22,17812,8,5,1,Concrete,0,0.01,Low
BR_0156,28,7857,7,5,1,Steel,0,0.01,Low
BR_0164,43,12644,6,5,1,Steel,0,0.01,Low
BR_0172,5,15012,7,8,4,Timber,0,0.01,Low
BR_0268,32,4219,5,4,2,Timber,0,0.01,Low
BR_0254,21,10088,6,7,2,Timber,0,0.01,Low
BR_0029,51,11393,8,8,2,Timber,0,0.01,Low
BR_0040,22,15828,5,7,1,Timber,0,0.01,Low
BR_0252,11,18140,6,6,2,Steel,0,0.01,Low
BR_0008,28,1284,7,5,1,Timber,0,0.01,Low
BR_0005,25,11229,8,8,0,Timber,0,0.01,Low
BR_0074,28,13275,8,7,2,Steel,0,0.01,Low
BR_0079,19,10162,7,7,4,Timber,0,0.01,Low
BR_0227,7,13616,6,5,2,Steel,0,0.01,Low
BR_0093,45,11651,8,7,3,Timber,0,0.01,Low
BR_0224,13,5248,5,5,0,Steel,0,0.01,Low
BR_0225,23,9935,5,4,0,Timber,0,0.01,Low
BR_0228,24,10076,8,8,4,Concrete,0,0.01,Low
BR_0226,52,4209,7,4,1,Timber,0,0.01,Low
BR_0218,5,2310,8,8,4,Steel,0,0.01,Low
BR_0102,27,2989,6,5,2,Concrete,0,0.01,Low
BR_0009,7,8596,7,3,1,Steel,0,0.0,Low
BR_0015,6,19690,7,7,1,Timber,0,0.0,Low
BR_0021,26,19834,8,4,0,Concrete,0,0.0,Low
BR_0010,26,8060,8,7,4,Timber,0,0.0,Low
BR_0012,6,7843,7,6,1,Concrete,0,0.0,Low
BR_0023,63,5280,8,6,0,Timber,0,0.0,Low
BR_0121,27,6036,8,4,4,Concrete,0,0.0,Low
BR_0150,31,16548,8,4,3,Concrete,0,0.0,Low
BR_0190,20,5229,7,8,1,Steel,0,0.0,Low
BR_0200,23,3039,7,8,2,Steel,0,0.0,Low
BR_0138,32,6245,8,3,2,Concrete,0,0.0,Low
BR_0293,29,8915,6,4,2,Steel,0,0.0,Low
BR_0173,23,14423,6,7,0,Concrete,0,0.0,Low
BR_0184,21,11630,6,3,0,Steel,0,0.0,Low
BR_0154,55,5604,8,3,0,Steel,0,0.0,Low
BR_0113,31,7333,7,6,4,Concrete,0,0.0,Low
BR_0214,11,7994,7,8,3,Concrete,0,0.0,Low
BR_0215,20,4812,8,6,4,Timber,0,0.0,Low
BR_0213,46,9191,8,4,2,Concrete,0,0.0,Low
BR_0201,24,7556,8,8,1,Steel,0,0.0,Low
BR_0132,46,10317,7,7,2,Steel,0,0.0,Low
BR_0207,5,6813,7,5,2,Timber,0,0.0,Low
BR_0248,25,14343,7,5,0,Concrete,0,0.0,Low
BR_0119,56,5887,8,3,1,Steel,0,0.0,Low
BR_0217,6,3641,6,4,2,Timber,0,0.0,Low
BR_0247,18,11503,6,4,0,Timber,0,0.0,Low
BR_0095,11,2979,5,5,2,Timber,0,0.0,Low
BR_0220,16,19807,8,5,2,Timber,0,0.0,Low
BR_0231,37,7030,6,3,0,Concrete,0,0.0,Low
BR_0090,39,13796,7,4,2,Timber,0,0.0,Low
BR_0092,9,13745,7,5,4,Steel,0,0.0,Low
BR_0085,12,13784,6,5,4,Concrete,0,0.0,Low
BR_0046,6,4642,7,5,2,Steel,0,0.0,Low
BR_0052,39,4965,7,8,1,Steel,0,0.0,Low
BR_0264,31,11523,8,5,0,Timber,0,0.0,Low
BR_0258,26,19587,6,4,0,Concrete,0,0.0,Low
BR_0263,12,11475,7,7,1,Timber,0,0.0,Low
BR_0251,12,6690,8,5,1,Steel,0,0.0,Low
BR_0249,52,12204,8,8,3,Concrete,0,0.0,Low
BR_0059,8,5677,6,7,2,Concrete,0,0.0,Low
BR_0087,15,19628,7,5,1,Concrete,0,0.0,Low
BR_0044,13,16888,8,8,1,Timber,0,0.0,Low
BR_0026,19,7155,7,4,4,Concrete,0,0.0,Low
BR_0265,31,1167,5,6,0,Concrete,0,0.0,Low
BR_0037,25,5277,8,3,1,Timber,0,0.0,Low
BR_0278,21,13716,7,6,3,Steel,0,0.0,Low
BR_0274,8,6542,7,4,1,Concrete,0,0.0,Low
