road_name,road_age,traffic,condition_score,previous_repairs,complaints,rainfall_exposure,maintenance_required,maintenance_probability,risk_level
Road_0,7,4,14,0,12,8,1,67.0,High
Road_1,20,4,38,3,22,1,1,94.0,Critical
Road_2,29,3,46,2,18,4,1,81.0,Critical
Road_3,15,3,47,1,23,6,1,96.0,Critical
Road_4,11,3,92,0,18,9,0,9.0,Low
Road_5,8,4,17,4,16,2,0,59.0,Medium
Road_6,29,7,74,5,12,1,0,22.0,Low
Road_7,21,4,95,3,15,2,0,12.0,Low
Road_8,7,9,26,1,7,7,0,7.0,Low
Road_9,26,1,80,1,18,3,0,12.0,Low
Road_10,19,8,98,2,17,2,0,7.0,Low
Road_11,23,7,54,2,0,7,0,19.0,Low
Road_12,11,2,13,4,13,2,0,15.0,Low
Road_13,11,8,45,5,18,3,1,92.0,Critical
Road_14,24,1,79,4,14,7,0,6.0,Low
Road_15,21,9,40,0,17,4,1,76.0,High
Road_16,4,9,28,0,1,1,0,2.0,Low
Road_17,8,2,70,4,21,5,0,34.0,Low
Road_18,24,7,63,5,16,9,1,89.0,Critical
Road_19,3,3,48,4,17,8,1,82.0,Critical
Road_20,22,7,83,5,5,9,1,80.0,Critical
Road_21,21,9,99,5,18,9,1,90.0,Critical
Road_22,2,4,28,3,3,7,1,74.0,High
Road_23,24,1,48,5,0,4,0,13.0,Low
Road_24,12,2,76,2,7,5,0,2.0,Low
Road_25,6,1,54,5,22,1,0,55.0,Medium
Road_26,2,5,22,5,6,1,1,84.0,Critical
Road_27,28,5,67,5,2,3,1,68.0,High
Road_28,21,7,29,0,9,8,1,74.0,High
Road_29,1,9,81,2,9,2,0,0.0,Low
Road_30,12,9,70,2,18,4,0,14.0,Low
Road_31,26,3,48,4,13,2,0,17.0,Low
Road_32,22,3,10,3,1,5,1,74.0,High
Road_33,29,3,12,5,0,9,1,75.0,High
Road_34,12,4,86,1,22,1,0,4.0,Low
Road_35,25,8,71,3,22,5,1,89.0,Critical
Road_36,17,6,72,3,17,9,1,81.0,Critical
Road_37,27,8,34,2,6,1,0,22.0,Low
Road_38,27,1,65,3,7,9,0,11.0,Low
Road_39,10,8,42,5,0,8,1,80.0,Critical
Road_40,28,4,47,5,24,4,1,98.0,Critical
Road_41,28,1,15,0,22,5,1,85.0,Critical
Road_42,16,8,67,5,2,5,0,46.0,Medium
Road_43,15,4,53,5,23,6,1,98.0,Critical
Road_44,15,6,54,2,22,7,1,88.0,Critical
Road_45,19,8,41,5,7,8,1,88.0,Critical
Road_46,12,4,54,0,21,8,1,56.0,Medium
Road_47,23,3,70,1,24,2,1,75.0,High
Road_48,20,9,56,2,14,9,1,83.0,Critical
Road_49,25,3,30,1,4,7,0,17.0,Low
Road_50,3,9,89,2,2,4,0,3.0,Low
Road_51,5,2,94,4,18,4,0,6.0,Low
Road_52,19,2,84,3,0,8,0,4.0,Low
Road_53,7,2,45,4,14,4,0,15.0,Low
Road_54,21,6,28,5,7,6,1,89.0,Critical
Road_55,9,3,29,1,1,5,0,4.0,Low
Road_56,7,9,66,5,2,3,0,26.0,Low
Road_57,18,4,27,3,23,2,1,94.0,Critical
Road_58,4,1,56,2,13,9,0,15.0,Low
Road_59,25,4,58,3,23,9,1,95.0,Critical
Road_60,28,1,23,0,13,1,0,36.0,Medium
Road_61,14,5,24,3,10,3,1,82.0,Critical
Road_62,18,4,40,0,15,8,0,30.0,Low
Road_63,26,8,10,3,3,6,1,85.0,Critical
Road_64,9,8,63,0,19,5,0,8.0,Low
Road_65,26,7,12,1,4,5,1,87.0,Critical
Road_66,21,3,25,5,21,6,1,99.0,Critical
Road_67,2,1,96,5,20,7,0,12.0,Low
Road_68,20,1,66,4,13,1,0,0.0,Low
Road_69,28,3,84,5,22,9,0,25.0,Low
Road_70,15,6,21,2,15,3,0,31.0,Low
Road_71,28,7,83,3,17,4,1,70.0,High
Road_72,7,6,25,4,6,1,1,85.0,Critical
Road_73,12,6,81,2,9,3,0,1.0,Low
Road_74,29,6,85,2,6,2,0,8.0,Low
Road_75,8,3,33,0,0,2,0,5.0,Low
Road_76,15,6,37,5,22,1,1,92.0,Critical
Road_77,3,8,17,1,20,8,1,56.0,Medium
Road_78,14,2,45,1,18,3,0,37.0,Medium
Road_79,17,5,99,4,15,3,0,9.0,Low
Road_80,4,1,17,1,18,6,0,14.0,Low
Road_81,18,1,67,3,3,8,0,1.0,Low
Road_82,8,5,69,1,17,9,0,12.0,Low
Road_83,4,3,59,4,1,9,0,5.0,Low
Road_84,2,4,37,1,0,4,0,4.0,Low
Road_85,6,3,50,3,14,5,1,72.0,High
Road_86,22,1,73,0,4,2,0,2.0,Low
Road_87,10,1,36,4,19,9,1,83.0,Critical
Road_88,4,5,72,0,10,8,0,4.0,Low
Road_89,22,6,26,0,9,3,0,13.0,Low
Road_90,29,3,82,0,1,9,0,22.0,Low
Road_91,18,9,42,2,2,3,0,17.0,Low
Road_92,26,5,93,5,22,9,1,47.0,Medium
Road_93,12,8,86,2,22,2,0,9.0,Low
Road_94,2,1,38,5,11,9,0,14.0,Low
Road_95,10,5,22,0,19,8,1,77.0,High
Road_96,4,3,55,4,4,9,0,6.0,Low
Road_97,14,1,44,5,4,5,0,33.0,Low
Road_98,16,4,15,3,5,2,0,28.0,Low
Road_99,15,5,91,3,8,8,0,3.0,Low
Road_100,8,7,78,1,1,6,0,1.0,Low
Road_101,14,1,56,5,20,8,1,81.0,Critical
Road_102,23,3,34,4,11,5,1,75.0,High
Road_103,28,2,75,2,2,2,0,4.0,Low
Road_104,25,9,19,0,19,6,1,82.0,Critical
Road_105,8,6,65,1,21,5,0,12.0,Low
Road_106,21,3,39,3,11,5,0,31.0,Low
Road_107,16,8,14,2,23,1,1,93.0,Critical
Road_108,13,8,42,2,16,2,1,75.0,High
Road_109,18,2,74,0,9,8,0,5.0,Low
Road_110,15,6,27,5,23,3,1,98.0,Critical
Road_111,21,7,58,3,13,3,1,37.0,Medium
Road_112,24,2,20,4,22,8,1,93.0,Critical
Road_113,26,2,94,2,16,8,0,16.0,Low
Road_114,25,1,35,0,17,2,0,24.0,Low
Road_115,28,8,72,4,18,8,1,95.0,Critical
Road_116,28,1,98,5,16,1,0,11.0,Low
Road_117,28,9,95,3,13,6,1,74.0,High
Road_118,13,6,68,5,8,8,0,15.0,Low
Road_119,9,7,36,2,7,3,0,11.0,Low
Road_120,29,7,58,4,1,8,1,77.0,High
Road_121,15,3,86,4,12,1,0,3.0,Low
Road_122,13,2,42,4,24,9,1,92.0,Critical
Road_123,1,9,10,2,6,9,1,71.0,High
Road_124,25,8,30,2,8,5,1,81.0,Critical
Road_125,7,7,64,5,21,4,1,86.0,Critical
Road_126,9,9,15,1,21,6,1,84.0,Critical
Road_127,24,4,90,5,10,7,0,13.0,Low
Road_128,1,4,78,3,13,5,0,10.0,Low
Road_129,12,1,14,0,3,9,0,8.0,Low
Road_130,8,8,12,4,12,3,1,89.0,Critical
Road_131,24,3,62,1,1,7,0,3.0,Low
Road_132,11,7,32,0,22,5,0,26.0,Low
Road_133,19,2,62,1,4,7,0,0.0,Low
Road_134,17,2,46,5,10,2,1,62.0,High
Road_135,8,7,83,2,5,4,0,0.0,Low
Road_136,3,6,83,4,17,2,0,13.0,Low
Road_137,3,3,92,5,20,7,1,69.0,High
Road_138,1,9,26,0,9,2,0,6.0,Low
Road_139,27,6,94,0,3,1,0,3.0,Low
Road_140,5,6,87,0,8,9,0,4.0,Low
Road_141,10,1,82,0,5,1,0,0.0,Low
Road_142,7,4,10,0,1,8,0,19.0,Low
Road_143,26,6,60,1,16,2,1,76.0,High
Road_144,9,6,54,5,4,8,0,25.0,Low
Road_145,28,5,86,4,24,3,1,70.0,High
Road_146,7,1,13,2,5,6,0,4.0,Low
Road_147,9,8,71,2,11,3,0,6.0,Low
Road_148,8,5,74,5,22,7,1,68.0,High
Road_149,12,5,41,5,20,9,1,96.0,Critical
Road_150,2,7,43,2,9,2,0,9.0,Low
Road_151,1,4,81,2,21,5,0,7.0,Low
Road_152,16,6,48,1,20,6,1,75.0,High
Road_153,23,4,35,3,24,4,1,98.0,Critical
Road_154,23,3,43,4,5,4,1,69.0,High
Road_155,24,7,63,0,7,4,0,4.0,Low
Road_156,5,8,12,3,1,2,1,77.0,High
Road_157,3,4,59,5,11,4,0,41.0,Medium
Road_158,12,2,21,2,12,1,0,7.0,Low
Road_159,8,3,74,3,24,6,1,79.0,High
Road_160,22,1,63,4,20,1,0,13.0,Low
Road_161,27,8,14,5,6,6,1,96.0,Critical
Road_162,3,3,66,0,9,1,0,2.0,Low
Road_163,1,7,26,0,12,6,0,7.0,Low
Road_164,3,5,56,4,16,8,1,56.0,Medium
Road_165,5,5,32,4,20,2,1,70.0,High
Road_166,15,7,88,2,13,2,0,4.0,Low
Road_167,14,9,94,0,1,4,0,2.0,Low
Road_168,3,5,23,5,21,3,1,91.0,Critical
Road_169,1,1,75,3,10,4,0,1.0,Low
Road_170,5,1,84,5,0,7,0,3.0,Low
Road_171,26,2,60,1,18,1,0,12.0,Low
Road_172,23,6,47,1,20,6,1,87.0,Critical
Road_173,14,9,73,4,3,3,0,7.0,Low
Road_174,7,8,47,2,18,7,1,77.0,High
Road_175,27,5,59,1,20,2,1,63.0,High
Road_176,9,1,91,0,10,2,0,2.0,Low
Road_177,15,7,39,5,7,4,1,89.0,Critical
Road_178,15,5,88,5,10,1,0,9.0,Low
Road_179,26,6,60,4,3,3,0,20.0,Low
Road_180,10,7,72,3,16,9,0,70.0,High
Road_181,28,3,61,4,6,7,0,14.0,Low
Road_182,13,3,47,3,7,7,0,35.0,Medium
Road_183,19,5,97,4,2,4,0,7.0,Low
Road_184,7,6,88,4,21,2,0,12.0,Low
Road_185,17,9,39,4,1,4,1,78.0,High
Road_186,20,5,60,3,22,6,1,87.0,Critical
Road_187,29,1,90,3,14,3,0,4.0,Low
Road_188,4,4,14,4,23,1,1,91.0,Critical
Road_189,5,5,38,1,21,8,1,69.0,High
Road_190,23,5,13,2,21,5,1,94.0,Critical
Road_191,7,7,19,2,4,5,0,16.0,Low
Road_192,13,4,65,2,23,4,0,52.0,Medium
Road_193,15,1,26,3,0,6,0,13.0,Low
Road_194,11,5,83,3,3,3,0,0.0,Low
Road_195,29,7,26,1,14,9,1,93.0,Critical
Road_196,4,6,93,2,19,5,0,6.0,Low
Road_197,13,5,97,2,18,3,0,1.0,Low
Road_198,7,4,78,4,2,1,0,4.0,Low
Road_199,27,2,43,3,19,6,1,88.0,Critical
Road_200,19,4,15,2,10,2,1,78.0,High
Road_201,22,3,62,5,16,3,1,70.0,High
Road_202,28,1,75,1,12,1,0,3.0,Low
Road_203,2,8,86,5,10,9,0,55.0,Medium
Road_204,10,5,52,5,1,8,0,22.0,Low
Road_205,13,4,84,1,8,2,0,1.0,Low
Road_206,25,8,32,5,1,8,1,90.0,Critical
Road_207,21,7,64,2,20,9,1,84.0,Critical
Road_208,6,2,89,3,8,1,0,2.0,Low
Road_209,28,1,84,1,8,5,0,3.0,Low
Road_210,28,4,25,4,7,8,1,90.0,Critical
Road_211,12,8,17,5,16,2,1,79.0,High
Road_212,12,2,13,1,0,4,0,5.0,Low
Road_213,20,3,13,0,24,7,1,99.0,Critical
Road_214,11,1,65,0,10,3,0,1.0,Low
Road_215,26,1,34,3,7,5,0,30.0,Low
Road_216,23,3,76,2,9,8,0,7.0,Low
Road_217,28,5,76,3,24,3,0,36.0,Medium
Road_218,25,3,36,3,6,4,0,44.0,Medium
Road_219,7,1,41,3,2,9,0,10.0,Low
Road_220,1,1,59,3,2,7,0,3.0,Low
Road_221,1,8,70,4,17,1,0,39.0,Medium
Road_222,25,2,60,4,4,4,0,4.0,Low
Road_223,27,3,28,1,11,4,1,75.0,High
Road_224,25,2,30,0,11,9,1,75.0,High
Road_225,20,3,14,3,18,6,1,95.0,Critical
Road_226,13,7,91,1,5,9,0,14.0,Low
Road_227,9,1,51,0,1,6,0,2.0,Low
Road_228,3,8,70,5,11,6,1,79.0,High
Road_229,7,2,31,2,18,5,1,31.0,Low
Road_230,6,3,30,4,4,5,0,18.0,Low
Road_231,8,9,79,5,11,2,0,23.0,Low
Road_232,27,7,10,0,16,8,1,90.0,Critical
Road_233,9,4,14,5,16,8,1,78.0,High
Road_234,5,5,21,2,9,1,0,22.0,Low
Road_235,1,2,99,0,24,8,0,14.0,Low
Road_236,19,8,55,5,22,5,1,95.0,Critical
Road_237,10,4,43,4,16,2,0,53.0,Medium
Road_238,12,9,58,4,14,2,0,39.0,Medium
Road_239,24,5,87,1,11,6,0,14.0,Low
Road_240,15,9,99,5,15,9,1,83.0,Critical
Road_241,27,4,54,3,23,1,1,90.0,Critical
Road_242,22,5,36,5,18,6,1,97.0,Critical
Road_243,24,9,82,0,7,9,0,17.0,Low
Road_244,9,8,35,0,20,8,0,25.0,Low
Road_245,20,3,56,5,16,6,0,33.0,Low
Road_246,17,1,95,2,22,3,0,5.0,Low
Road_247,17,3,65,4,4,8,0,3.0,Low
Road_248,26,4,72,0,21,9,1,78.0,High
Road_249,20,2,57,4,15,1,0,13.0,Low
Road_250,12,1,70,0,5,9,0,3.0,Low
Road_251,7,7,90,1,7,6,0,0.0,Low
Road_252,2,8,35,3,24,6,1,92.0,Critical
Road_253,3,7,45,0,17,4,0,16.0,Low
Road_254,17,5,10,4,24,1,1,96.0,Critical
Road_255,5,1,17,1,11,8,0,13.0,Low
Road_256,17,7,61,0,14,2,0,13.0,Low
Road_257,24,7,88,2,8,1,0,1.0,Low
Road_258,17,9,56,3,12,2,0,21.0,Low
Road_259,27,3,65,0,14,1,0,12.0,Low
Road_260,17,9,95,1,9,1,0,4.0,Low
Road_261,2,1,23,2,15,9,1,76.0,High
Road_262,2,1,99,5,6,1,0,3.0,Low
Road_263,28,4,37,1,16,4,0,36.0,Medium
Road_264,22,9,96,1,22,6,0,19.0,Low
Road_265,23,6,87,2,20,7,0,17.0,Low
Road_266,5,3,97,1,21,2,0,4.0,Low
Road_267,1,1,11,2,6,6,0,9.0,Low
Road_268,1,4,35,0,13,7,0,5.0,Low
Road_269,19,9,23,2,14,2,1,87.0,Critical
Road_270,2,3,68,2,20,2,0,7.0,Low
Road_271,21,9,65,3,6,7,0,18.0,Low
Road_272,12,7,16,2,8,1,0,16.0,Low
Road_273,26,4,12,2,18,8,1,95.0,Critical
Road_274,6,3,32,5,15,3,0,24.0,Low
Road_275,23,5,27,0,7,6,0,17.0,Low
Road_276,4,5,47,3,17,9,1,91.0,Critical
Road_277,23,3,24,5,22,6,1,100.0,Critical
Road_278,11,9,73,4,17,9,1,71.0,High
Road_279,24,4,98,0,19,7,0,7.0,Low
Road_280,27,5,37,0,6,9,1,77.0,High
Road_281,17,4,83,4,2,2,0,3.0,Low
Road_282,6,5,48,2,17,8,0,21.0,Low
Road_283,24,7,66,5,9,8,1,82.0,Critical
Road_284,5,9,26,1,6,2,0,6.0,Low
Road_285,20,7,95,3,16,4,0,19.0,Low
Road_286,2,5,99,1,13,7,0,8.0,Low
Road_287,6,7,53,4,23,4,1,92.0,Critical
Road_288,22,5,34,0,2,4,0,5.0,Low
Road_289,11,3,26,0,11,6,1,21.0,Low
Road_290,16,7,22,3,12,6,1,89.0,Critical
Road_291,16,2,93,0,1,3,0,1.0,Low
Road_292,1,9,34,0,2,9,0,13.0,Low
Road_293,9,1,77,3,4,2,0,1.0,Low
Road_294,28,6,19,5,10,6,1,94.0,Critical
Road_295,27,7,76,5,7,7,0,50.0,Medium
Road_296,6,8,27,3,22,9,1,96.0,Critical
Road_297,16,9,95,4,22,3,1,35.0,Medium
Road_298,29,2,43,0,11,3,0,16.0,Low
Road_299,3,2,17,0,6,7,0,3.0,Low
